name,subreddit,m_trump,m_biden,title,coding
t3_jxpskr,politics,False,True,"House Democrats tell GSA chief her refusal to certify Biden's win is ""having grave effects""",
t3_jxpsgn,politics,True,False,Trump's cronies hold steady,
t3_jxprfr,politics,True,False,Trump’s Latest Gambit,
t3_jxpq3u,politics,False,True,Georgia Secretary of State to certify election for Biden,
t3_jxpol5,politics,True,False,‘Undemocratic’: Romney Rebukes Trump Effort To Overturn Will Of Michigan Voters,
t3_jxpo9v,politics,False,True,"Georgia to certify Biden's win today, officials say",
t3_jxpo6l,politics,True,False,GA secretary of state: I'm a proud Trump supporter but numbers don't lie,
t3_jxpjxp,politics,True,False,Fox Pundit Geraldo: Let’s Name Coronavirus Vaccine After Trump to Cheer Him Up,
t3_jxpjet,politics,True,False,Trump to meet Michigan lawmakers in bid to overturn electoral defeat,
t3_jxpjce,politics,True,True,Sound and fury: Rudy Giuliani shouts lies at the sky while President Trump keeps threatening to meddle with Joe Biden’s victory,
t3_jxphkb,politics,True,False,Trump Continues To Falsely Downplay COVID After US Death Toll Reaches 250k,
t3_jxpf25,politics,True,False,Trump Fires US Cybersecurity Director Chris Krebs After Krebs Debunks Trump's Claims Of Election Systems Fraud,
t3_jxpd0y,politics,False,True,Georgia Secretary of State to certify election for Biden,
t3_jydn2z,politics,False,True,"If you think Biden's administration would rein in big tech, think again",
t3_jydlai,politics,False,True,Biden to Work to End Executions as Government Sets 3 More,
t3_jydim8,politics,False,True,How Joe Biden Can Use the Political Power of Obamacare to Expand It,
t3_jydi88,politics,False,True,The Fed Could Help Cash-Strapped Cities and States. Mnuchin Has Other Ideas. | The lame-duck Treasury secretary seems to want to sabotage Biden’s ability to stave off the pandemic’s economic impacts.,
t3_jydai0,politics,False,True,Bypassing McConnell: Democrats push Biden to aggressively use executive power,
t3_jyd786,politics,True,False,Trump supporters plan D.C. rally two days before electoral college votes are cast,
t3_jyd52j,politics,True,True,Twitter to Meet With Biden Transition Team on Transfer of Social Media Accounts From Trump Admin,
t3_jyd4x9,politics,False,True,Joe Biden must understand South Dakotans if he wants a national mask mandate,
t3_jyd4va,politics,True,False,Trump admits Michigan Congressmen met to discuss coup,
t3_jyd46w,politics,True,False,Trump has longstanding history of calling elections 'rigged' if he doesn’t like the results,
t3_jyd1x8,politics,False,True,‘Something very historical’: Push for diverse Biden Cabinet,
t3_jycwb6,politics,True,False,"Meet Pennsylvania’s anger translator, and Donald Trump’s worst nightmare",
t3_jycvon,politics,False,True,Twitter to hand over @POTUS account to Biden on January 20,
t3_jycumy,politics,True,False,How Members of Anti-Immigrant Extremist Groups Have Worked Closely with — and Joined — the Trump Administration,
t3_jycskf,politics,False,True,"Paris agreement gets 'new lease on life' under Biden, climate advocates say",
t3_jycs9p,politics,False,True,A Blueprint for Racial Healing in the Biden Era,
t3_jycmh4,politics,True,False,A destructive legacy: Trump bids for final hack at environmental protections,
t3_jycgho,politics,False,True,"Hunter Biden associate got $6M from Chinese firm, say Senate Republicans",
t3_jycgfg,politics,True,False,"Shame the Random, Unknown Government Officials Aiding Trump’s Coup Attempt",
t3_jycft4,politics,True,False,The Memo: Trump plows ahead with efforts to overturn election,
t3_jycdqu,politics,True,False,Why Can Trump Try To Steal The Election? Blame The Electoral College.,
t3_jyca1s,politics,True,False,"The Trump campaign’s much-hyped affidavit features a big, glaring error",
t3_jyc5ef,politics,True,True,Trump options narrow as Michigan backs Biden win,
t3_jyc40v,politics,True,False,"With Trump sabotaging American democracy, the Russians don’t need to interfere",
t3_jyc1i9,politics,True,False,"Let's count the ways Donald Trump has tried to subvert this election, shall we?",
t3_jybzw2,politics,True,False,Trump Organization's consulting payments to Ivanka Trump are focus of NY tax probe,
t3_jyby64,politics,True,True,"Business and World Leaders Move On as Trump Fights to Reverse Election | President-elect Joseph R. Biden Jr. is seizing the moment, not to aggressively confront the president he defeated, but to act presidential in his stead.",
t3_jybvym,politics,True,True,Biden's lead over Trump surpasses 6M votes as more ballots are tallied,
t3_jybvp1,politics,False,True,Twitter will give @POTUS handle to Joe Biden on Inauguration Day,
t3_jybvbl,politics,True,False,"Analysis: With silence, GOP enables Trump's risky endgame",
t3_jybv6o,politics,True,False,Will Trump Screw Up Republican Efforts to Hang Onto the Senate?,
t3_jybrre,politics,False,True,Biden appoints two former lobbyists to senior staff,
t3_jybo0y,politics,True,False,"Yes, Donald Trump claimed fraud after the 2016 Iowa caucuses",
t3_jybnek,politics,True,False,Trump tries to drum out GOP election officials who won’t play his games — Georgia Secretary of State Brad Raffensperger's family has received threats and he expects a primary challenge in 2022,
t3_jybm3w,politics,True,False,Trump maintains unproven 'massive' fraud claim after meeting with Michigan lawmakers,
t3_jybgkx,politics,True,True,Op-Ed: How Biden can restore U.S. global leadership after Trump's retreat from international institutions,
t3_jybdm3,politics,True,False,Trump Takes Another L: Michigan GOPers Say No To Election Steal,
t3_jybdhg,politics,True,False,Why Kemp formalized Georgia’s election despite Trump’s pushback,
t3_jyb540,politics,True,False,Where and why President Trump’s election challenges are falling flat in court: explainer,
t3_jyb15a,politics,True,True,"U.S. exits Open Skies treaty Sunday, but could Biden undo Trump's withdrawal?",
t3_jyauqo,politics,True,False,Conspiracy theories are Trump ‘weapons’ in desperate bid to cling to power,
t3_jyau1p,politics,True,False,GOP lawmaker patience runs thin with Trump tactics,
t3_jyat09,politics,True,False,Michigan group sues Trump campaign for alleged mass voter suppression,
t3_jyarxl,politics,True,False,Neal Katyal: All of Trump’s criminal immunity expires in about 60 days,
t3_jyar6j,politics,True,False,Coronavirus updates: Donald Trump Jr. tests positive; model estimates 471k US deaths by March; Cuomo to receive International Emmy,
t3_jyamtf,politics,True,False,Barack Obama: ‘Donald Trump and I tell very different stories about America’,
t3_jyaidt,politics,True,False,The Danger (and Ineptitude) of Trump’s Failed Coup,
t3_jyagwt,politics,True,False,Opinion: About that page of pro-Trump letters...,
t3_jyacke,politics,True,False,"Rudy Giuliani's quixotic frenzy has observers wondering if he may need Trump's protection | ""One explanation? He needs a pardon and he's trying to earn it,"" a CNN analyst says",
t3_jyaacw,politics,True,False,Kayleigh McEnany’s Latest Trump Lie Is Firmly Debunked In Viral Video,
t3_jya79l,politics,True,False,People Think Mnuchin Accidentally Said Trump Admin’s Most Honest Thing About COVID-19,
t3_jya72i,politics,True,True,"Two weeks after Biden named President-elect, Trump faces stinging setbacks",
t3_jya718,politics,True,True,"Blocked by Trump, Biden forced to use transition workarounds",
t3_jya5eq,politics,True,False,Culture wars fuel Trump’s blue-collar Latino gains: “Most Latinos identify first as working-class Americans. And Trump spoke to that.”,
t3_jya174,politics,True,False,Judge slaps down Trump appointee who has sought to reshape Voice of America and related agencies,
t3_jy9z3h,politics,True,True,Trump tries to leverage power of office to subvert Biden win,
t3_jy9wy2,politics,True,False,Counted out: Trump's desperate fight to stop the minority vote,
t3_jy9v9p,politics,True,False,"In Georgia, Pence Walks Line Between Trump's Election Falsehoods And GOP Senate Fight",
t3_jy9uv7,politics,True,False,"Trump's Futile Fight To Overturn Election Loss Breeds Turmoil, Risk",
t3_jy9t3x,politics,True,True,Biden will receive @POTUS Twitter account even if Trump refuses to concede,
t3_jy9p2e,politics,False,True,Steve Mnuchin Is Doing His Part to Sabotage the Biden Administration on His Way out the Door,
t3_jy9p0n,politics,True,True,Trump's defeat by Joe Biden has triggered a huge wave of relief among the United States' European allies,
t3_jy9hxd,politics,True,False,Sidney Powell’s road from UNC to defending Trump’s supposed ‘landslide’ reelection,
t3_jy9egl,politics,False,True,A Biden Administration Can Raise Wages and Give Workers More Power — If It Wants To,
t3_jy9clr,politics,True,True,Trump wanted to bomb Iran — and still could — leaving Biden to pick up the pieces,
t3_jy9asn,politics,True,False,"Let's count the ways Donald Trump has tried to subvert this election, shall we?",
t3_jy96f8,politics,True,False,Shields and Brooks on the danger of Trump’s refusal to concede,
t3_jy94n0,politics,True,False,"Trump considers targeting birthright citizenship with executive order in his last weeks in office, report says",
t3_jy93rj,politics,True,False,"Dear Trump supporters: Those who egg on the president now, given the damage he does to America, are truly reprehensible",
t3_jy91dn,politics,True,False,"The Damage Trump Could Do Before the Inauguration - Some of his methods would be immediately evident; others, hidden.",
t3_jy8vfz,politics,True,False,Fareed Zakaria: Trump presidency is stomping on the face of democracy forever,
t3_jy8q5v,politics,True,False,"NJ Democrat Calls for Rudy Giuliani, Other Trump Attorneys to be Disbarred",
t3_jy8elg,politics,True,False,Most Republicans greet Trump’s push to overturn the election with a customary response: Silence,
t3_jy853m,politics,True,True,US Chamber of Commerce chief calls on Trump to stop delaying transition to Biden presidency,
t3_jy834q,politics,True,False,Trump Owned By Parody Twitter Account He Apparently Believed Was His Sister’s,
t3_jy7val,politics,False,True,Joe Biden Doesn’t Need the Senate to Boost the Economy and Tackle Climate Change,
t3_jy7n7y,politics,True,False,Conservative News Site Warns Trump: 'Concede And Move On',
t3_jy79iv,politics,True,False,"Trump’s monumental sulk: president retreats from public eye as Covid ravages US | Two weeks after his defeat, Trump has gone from always present to effectively missing, behavior that many say is an unprecedented and dangerous",
t3_jy754x,politics,False,True,How civil rights leader James Clyburn helped Joe Biden and Black America win the White House,
t3_jy6uie,politics,True,False,A destructive legacy: Trump bids for final hack at environmental protections,
t3_jy6jmy,politics,True,False,"Analysis: With Silence, GOP Enables Trump's Risky Endgame",
t3_jy6ja0,politics,True,True,Biden Crowdsourcing Money for Transition as Standoff with Trump Continues,
t3_jy6dsk,politics,True,True,"Two weeks after Biden named President-elect, Trump faces stinging setbacks",
t3_jy5ynv,politics,False,True,Biden adds Obama administration veterans to top staff,
t3_jy5qo8,politics,True,True,Biden's margin of victory widens as Trump's subversion efforts grow more frantic,
t3_jy5nus,politics,True,False,Trump's daughter-in-law Lara reported to be considering 2022 Senate run,
t3_jy5na8,politics,True,False,Michigan Legislators Spurn Trump’s Bid to Overturn Election Results,
t3_jy5hil,politics,True,False,Who needs Russia? Loudest attacks on US vote are from Trump,
t3_jy5c91,politics,True,False,Trump Got Tricked by a Twitter Troll Posing as His Sister,
t3_jy58b1,politics,True,False,Senators who urged ‘voters to decide’ impeachment won’t admit Trump lost the election,
t3_jy560y,politics,True,False,More U.S. Congress Republicans openly doubt Trump's election claims,
t3_jy5154,politics,True,False,A tragic farce: Trump's ignominious White House exit,
t3_jy4l6b,politics,False,True,What a Biden-Harris Administration Means for U.S. Immigration Policy,
t3_jy4hqf,politics,True,False,"Facing an Election Loss, President Donald Trump Turns to Raw Political Power to Try to Bend the Outcome",
t3_jy4gdx,politics,False,True,Honeymoon Already Shaky: Joe Biden Hits A Nerve On Twitter With Money Plea,
t3_jy4gb8,politics,False,True,"Biden must listen to Asia, avoid dividing region: Singapore's former US ambassadors",
t3_jy4eoa,politics,True,False,The GOP's Post-Trump Identity Crisis: What's Next For The Republican Party?,
t3_jy4ekt,politics,False,True,Twitter says it’s handing @POTUS account over to Joe Biden on Inauguration Day,
t3_jy4cdz,politics,True,False,Michigan group sues Trump campaign citing disenfranchisement of Black voters - The plaintiffs say the campaign's legal challenges to the election violated their voting rights.,
t3_jy46k6,politics,True,False,Letters to the Editor: Stop Donald Trump's coup. Impeach him again,
t3_jy3x4l,politics,True,False,"Trump team pushing state legislatures, US House to decide election outcome",
t3_jy3vav,politics,True,True,"Omar suggests Biden should 'reverse' Trump's Middle East agreements, says they 'weren't peace deals'",
t3_jy3pnx,politics,False,True,What the Biden Presidency Could Mean for Africa,
t3_jy3p7p,politics,False,True,Taiwan shifting attention to Biden in push for trade deal,
t3_jy3mi8,politics,True,False,"Team Trump Leaders, Including Campaign Manager Bill Stepien, Have No Faith in Rudy",
t3_jy3mhv,politics,True,True,Biden's margin of victory over Trump surpasses 6 million votes,
t3_jy3jd3,politics,False,True,Rudy Giuliani has finally worked out Biden’s evil commie plot with Venezuela and he’s going to right the election,
t3_jy3im1,politics,False,True,Joe Biden Should Reach Out to China for Help on North Korea,
t3_jy3i78,politics,True,False,"Trump’s election legal strategy is all but doomed, but still could damage American democracy, experts say",
t3_jy3a7r,politics,True,True,"After Trump meeting, Michigan GOP lawmakers affirmed Biden will win the state and urged Trump to focus on the COVID-19 pandemic currently ravaging the US",
t3_jy38k5,politics,True,False,CNN's Brianna Keilar rolls the tape on Donald Trump's history of baselessly claiming election fraud,
t3_jy38ap,politics,False,True,"Biden will receive @POTUS Twitter account on Jan. 20 even if Trump doesn't concede, company says",
t3_jy36ng,politics,False,True,These seven Californians could get jobs in the Biden administration,
t3_jy34nl,politics,False,True,Biden transition team forced to build its own cybersecurity protections,
t3_jy32gf,politics,True,False,Trump Judges Strike Down Bans On LGBTQ ‘Conversion Therapy’,
t3_jy30hq,politics,True,True,"U.S. Sen. Marsha Blackburn, a Trump ally, refers to Biden as 'president-elect'",
t3_jy2yyj,politics,False,True,"Rep. Alexandria Ocasio-Cortez, expanded 'Squad' demand Biden deliver on Green New Deal",
t3_jy2xn6,politics,True,False,Plaintiffs in Trump's lawsuits embrace conspiracy theories — one has even violated election laws. One of the plaintiffs was once accused of election fraud and fined for multiple violations of campaign laws,
t3_jy2xm1,politics,True,False,See what Michigan lawmakers said after Trump meeting,
t3_jy2x8h,politics,False,True,Michigan election staff recommend certification of Biden win,
t3_jy2udz,politics,True,False,Michigan lawmakers rebuff Trump after White House meeting,
t3_jy2rsx,politics,False,True,Biden decides on pick for secretary of State,
t3_jy2oau,politics,False,True,‘It cannot be done’: Biden lawyer says Michigan electoral plot would be unconstitutional,
t3_jy2mix,politics,True,False,Michigan lawmakers pledge to 'follow the law' on picking electors after meeting with Trump,
t3_jy2mf4,politics,True,False,Anger builds in Black community over Trump’s claims of voter fraud in big cities,
t3_jy2k5b,politics,True,False,Michigan attorney general ponders criminal probes of state and local officials who bend to Trump’s will on overturning election results,
t3_jy2j68,politics,True,True,Arizona’s largest county certifies Biden win over Trump,
t3_jy2j19,politics,True,False,Justice Dept. schedules three more inmate executions for Trump lame-duck period.,
t3_jy2hvv,politics,True,False,Trump lawyers mix up Michigan and Minnesota in latest court filing fail,
t3_jy2h6i,politics,False,True,"Biden team slams Treasury decision to curtail Fed lending powers, calls move ‘deeply irresponsible",
t3_jy2fn8,politics,True,True,President-elect Joe Biden Asks Public to Fund Transition as Trump Refuses to Concede,
t3_jy2eet,politics,True,False,Was Trump 'Never Given an Orderly Transition of Power'?,
t3_jy2dqe,politics,True,False,Republicans in Congress Stay Largely in Line Behind Trump,
t3_jy2bz3,politics,True,False,Trump Administration Accused of Trying to Bully Banks Into Financing Arctic Fossil Fuel Extraction,
t3_jy2blr,politics,False,True,"Steven Mnuchin Swears He’s Not Tanking the Economy Just to F--k Over Joe Biden: Strangely, not everyone believes him.",
t3_jy2a6s,politics,True,True,"Trump bid to overturn vote crashes into wall of deadlines | On the heels of Georgia’s official recognition of Joe Biden’s victory, a gauntlet of other certifications in the coming days could deal a crushing blow to the president.",
t3_jy25ja,politics,True,False,Why Republican voters say there’s ‘no way in hell’ Trump lost,
t3_jy21wp,politics,True,False,"Amid Wisconsin recount, Trump campaign tried to have thousands of ballots tossed",
t3_jy21so,politics,True,False,"Sasse, Romney pan Trump campaign’s tactics in contesting election",
t3_jy1zsb,politics,True,False,China's Xi considers joining trade deal replacing TPP that Trump abandoned,
t3_jy1ua8,politics,True,False,"In Detroit, Trump’s Postelection Offensive Has a Familiar Feel",
t3_jy1tuk,politics,True,False,Trump makes late-term bid to lower prescription drug costs,
t3_jy1qop,politics,True,True,"After Trump meeting, Michigan GOP leaders say Biden's win still stands",
t3_jy1p1c,politics,True,False,"Michigan lawmakers meet with Trump, say they haven't seen evidence of voter fraud",
t3_jy1nhy,politics,False,True,Biden vows to work against ‘intolerable’ violence against transgender people,
t3_jy1jnw,politics,True,False,Michigan election officials promise to ‘follow the law’ after controversial meeting with Trump,
t3_jy1h8p,politics,False,True,Twitter says it will give @POTUS account to Biden on Inauguration Day,
t3_jy1gsg,politics,True,False,Harvard petition demands scrutiny of ex-Trump officials,
t3_jy1fx3,politics,False,True,Georgia Governor Certifies Presidential Electors for Biden,
t3_jy1ezl,politics,False,True,"BLM founder calls for Biden to sign radical legislation to 'abandon police, prisons, and punishment paradigms'",
t3_jy18x9,politics,True,False,'We Will Follow The Law': Michigan Lawmakers Defend Election After Trump Meeting,
t3_jy12xd,politics,True,False,"Michigan GOP leaders after Trump meeting: ""We will follow the law""",
t3_jy12et,politics,False,True,Corporation-free zone: Progressives press Biden to lock out big business,
t3_jy11vx,politics,False,True,"Alexandria Ocasio-Cortez, Other ‘Squad’ Members Call for Joe Biden to Be ‘Bold’ on Green New Deal",
t3_jy11k0,politics,True,True,Michigan’s Republican Leaders Met With Trump And Afterward Said They Don't See A Reason Why Biden Isn't The Winner,
t3_jy104z,politics,True,True,Biden’s Electoral College victory projected to be same as Trump’s in 2016,
t3_jy0zgx,politics,True,False,"After Trump meeting, Michigan lawmakers stand firm on election outcome",
t3_jy0zg7,politics,True,False,"Editorial: Trump’s effort to steal the election is a step toward fascism in America. If you call yourself a patriot, you can’t support it",
t3_jy0s0y,politics,True,False,DeSantis and Bondi disappear as Trump’s election challenges grow desperate and chaotic,
t3_jy0o3b,politics,True,False,Michigan and Georgia Republicans Just Crushed Trump’s Coup Dreams,
t3_jy0nxd,politics,True,False,Donald Trump Jr tests positive for coronavirus,
t3_jy0jkm,politics,True,False,"Trump Is Still Raging Against Democracy. But It’s Time To Applaud The Tenacity Of Voters, Poll And USPS Workers",
t3_jy0iwa,politics,True,True,"Twitter will hand @POTUS to Biden on Inauguration Day, even if Trump doesn’t concede",
t3_jy0f3u,politics,False,True,Biden promises to fight for transgender rights on day of remembrance,
t3_jy0een,politics,True,False,Rudy Giuliani's Son Potentially Exposed Most of Trump's Legal Team to COVID During RNC Press Conference,
t3_jy0dsd,politics,True,False,"After White House meeting with Trump, Michigan lawmakers say they are not aware of information that would change election results",
t3_jy0cd8,politics,True,False,Michigan lawmakers say they will follow 'normal process' following Trump meeting,
t3_jy0avh,politics,True,False,The Facts on Trump’s Post-Election Legal Challenges,
t3_jy09dz,politics,True,False,Opinion: Hold President Trump accountable for his misdeeds,
t3_jy08r4,politics,True,False,Michigan leaders summoned to White House as Trump attempts to subvert election,
t3_jy06fc,politics,False,True,Could limiting corporate candidates complicate Biden’s diversity push?,
t3_jy06aa,politics,True,True,"After Trump meeting, Michigan GOP lawmakers say they’re not aware of any info that would change Biden’s victory in state",
t3_jxzxd9,politics,True,False,"Europe far right backs Trump, hopes for violence amid vote drama",
t3_jxzwso,politics,False,True,Georgia governor says he'll certify state's electoral votes for Biden,
t3_jxztlz,politics,True,False,The Trump campaign allegedly mixed up Michigan and Minnesota in its election lawsuit,
t3_jxzrwj,politics,True,False,"Those Trump Campaign ‘Election Defense’ Emails, Fact-Checked",
t3_jxzrbk,politics,True,True,Biden transition making fundraising push as Trump administration blocks funding,
t3_jxznd3,politics,True,False,How a Pal of Crack-Smoking Toronto Mayor Fueled the Latest Trump Conspiracy,
t3_jxzkcc,politics,True,False,"GA Gov Certifies Election, But Says Door Open for Trump Challenges",
t3_jxzh56,politics,True,False,"Georgia governor says he will certify election results, giving Trump campaign 'other legal options'",
t3_jxze94,politics,True,False,Ivanka Trump distances self from dad’s election fraud claims as her own legal jeopardy grows,
t3_jxzdt2,politics,True,False,"Trump Continues to Claim Election Victory, Criticizes Coronavirus Vaccine Companies",
t3_jxzaor,politics,True,False,Trump’s gains in North Philly show Latino voters are not a ‘gimme’ for Democrats,
t3_jxz8pn,politics,True,False,Ivanka Trump calls New York fraud inquiries 'harassment',
t3_jxz8g9,politics,False,True,Georgia governor certifies presidential electors for Biden,
t3_jxz6rl,politics,True,False,White Nationalist Appointed by Trump to Holocaust Commission Praised Jeffrey Epstein for Not Being “a Pussy”,
t3_jxz5ec,politics,True,False,How the GOP Is Helping Trump’s War on Democracy. They are giving the president “space” to poison the national debate and to try to overturn an election.,
t3_jxz1wt,politics,True,False,Trump’s Clown Coup Crisis,
t3_jxz1e4,politics,False,True,Bizarre false Facebook video claiming Biden paid a mob boss for 300k votes goes viral,
t3_jxz18x,politics,True,False,"OMB Documents Obtained by Chairs Yarmuth, Lowey, Maloney Show Trump Admin Withheld WHO Funds to Combat the Coronavirus Pandemic with Same Tactic Used in Illegal Ukraine Impoundment",
t3_jxz18g,politics,True,False,Trump administration revives talk of action on birthright citizenship,
t3_jxyyrs,politics,True,False,Can Trump overturn the election result?,
t3_jxs0up,Conservative,False,True,Biden Deputy Chief of Staff Pushed 'Mandatory' Firearm Buybacks,
t3_jxrzlp,Conservative,True,False,Obama Tells Jimmy Kimmel: 'We Can Always Send the Navy SEALS' to Remove Trump from White House,
t3_jxrtzo,Conservative,False,True,Top Border Officials Warn About Disastrous Effects of Biden's Promise to Stop Building the Border Wall,
t3_jxrnvy,Conservative,True,False,Tucker Carlson​ says Trump attorney Sidney Powell wouldn't provide him with any evidence of election fraud. Powell hits back.,
t3_jxrjjv,Conservative,True,False,"Whoa: Nearly a Third of Democrats Believe the Election Was Stolen From Trump (Not that polls mean that much, but wow.)",
t3_jxraf0,Conservative,True,False,"While You Were Focused on The Kraken, the Senate Continued Confirming Trump Federal Judges",
t3_jxr35h,Conservative,False,True,Biden marks Transgender Day of Remembrance,
t3_jxqrev,Conservative,True,False,Giuliani: ‘Massive Fraud’: Trump lawyers present chapter and verse in presser,
t3_jxqize,Conservative,True,False,"‘Code Monkey’ and ‘Inventor of Email’, Are Said to Be Assisting Trump in Exposing Dominion Voting Systems",
t3_jxqcon,Conservative,False,True,Biden Deputy Chief of Staff Pushed 'Mandatory' Firearm Buybacks,
t3_jxq1j3,Conservative,False,True,Joe Biden stays silent over proposed meeting with BLM founder,
t3_jxpzsx,Conservative,False,True,Georgia Secretary of State to certify election for Biden,
t3_jxpvsv,Conservative,True,False,Ivanka Trump slams 'ruthless' NYC Democrats for 'harassment' after NY AG subpoenaed the Trump Organization for consulting fee records - including a $748K write-off Ivanka received,
t3_jxpgk3,Conservative,False,True,"Birthday Time: Biden Turns 78, If Confirmed Will Be Oldest US President",
t3_jxp6c1,Conservative,False,True,Top Border Officials Warn About Disastrous Effects of Biden's Promise to Stop Building the Border Wall,
t3_jxp64e,Conservative,True,False,"Ossoff Dodges on Warnock's Praise for Anti-Semitic Pastor - Washington Free Beacon “Them Jews...” this guy is who the Dems are running in Georgia?? (I wonder how many comments will be made in this post akin to “but, meh tRuMp”)",
t3_jxp42s,Conservative,True,False,Mitt Romney issues scathing statement condemning President Trump's voter fraud claims,
t3_jxow0s,Conservative,False,True,Satire: Obama: 'Biden Has Touched Us All',
t3_jxorjf,Conservative,False,True,"Biden’s COVID Plan: Close The Economy, Open The Border",
t3_jxoj2j,Conservative,False,True,"Biden turns 78, will be oldest US president",
t3_jxod6m,Conservative,False,True,'No national shutdown': Joe Biden says shutting down the virus will not require a national lockdown,
t3_jxochk,Conservative,False,True,"New Senate report purportedly 'confirms' Biden family's business ties to Chinese, Russian governments",
t3_jxocbx,Conservative,True,False,[Not Satire] National Democratic Party official suggests re-education for Trump supporters: 'How do you deprogram 75 million people?',
t3_jxo83f,Conservative,False,True,Hunter Biden had deep business ties with communist party-linked Chinese tycoon: new Senate report,
t3_jxny9j,Conservative,True,False,Trump Legal Adviser Jenna Ellis Rips Media: ‘You Are Not Unbiased Jurors’,
t3_jxnwph,Conservative,False,True,Catholic Bishop: 'I Beg Mr. Biden to Repent of His Dissent From Catholic Teaching on Abortion &amp; Marriage',
t3_jxnw1z,Conservative,True,False,Atlanta Mayor Suggests Trump Would ‘Eat His Own Children’ To Advance Agenda,
t3_jxnvxb,Conservative,True,False,"After UN ‘Database’ Targets Israeli Settlements, Trump Administration to Blacklist BDS Supporters",
t3_jxnr50,Conservative,True,False,Lara Trump mulling 2022 Senate run in North Carolina: report,
t3_jxnqvj,Conservative,False,True,Jill Biden Chief Of Staff Selling US Citizenship in 'Fraud-Wracked' Visa Scheme 'Abused' by Chinese Communists,
t3_jxnpyw,Conservative,False,True,"Kavanaugh should face new investigation, Biden transition official Barbara McQuade wrote",
t3_jxnh2b,Conservative,True,False,Lawyer working on Trump Pennsylvania effort placed under official protection due to threats,
t3_jxmbiw,Conservative,False,True,Joe Biden Keeps Lead in Georgia After Recount; Giuliani Says Recount ‘Means Nothing’,
t3_jxkgxv,Conservative,False,True,Report: Biden’s proposed gun control plan could hit gun owners with $34 billion in taxes,
t3_jxjz3w,Conservative,True,False,Trump’s Base Must Now Crush Any Elected Republican Who Plays Nice With National Media,
t3_jxj0e4,Conservative,False,True,"Major LGBT Group Urges Biden to Strip Accreditation of Christian Schools, Colleges",
t3_jxijt4,Conservative,False,True,Biden Says He Will Admit and Grant Permanent Status to Immigrants Who Go on Food Stamps and Medicaid,
t3_jxib3j,Conservative,True,False,Trump Campaign Advisor Boris Epshteyn: Reporters 'Taken Aback' by Evidence Presented By Trump's Lawyers,
t3_jxhvab,Conservative,True,False,"PENDING RECOUNTS AND LEGAL CHALLENGES, electoral votes as of now are: Trump: 232, Biden: 227",
t3_jxhsr4,Conservative,True,False,"Trump Campaign Alleges Voter Fraud in Several States, Plans Further Lawsuits",
t3_jxgzoc,Conservative,True,False,Trump campaign statement on Georgia,
t3_jxhdu1,Conservative,True,False,Trump Administration To Unveil Drug Price Regs,
t3_jxhdtu,Conservative,True,False,"Lin Wood Savagely Schools Fox News' Dana Perino, Who Suggested Dominion Should Sue Trump's Legal Team",
t3_jxhao0,Conservative,True,False,"Trump Campaign: Thousands of mail-in ballots invalid, should be tossed | One America News Network",
t3_jxh2vl,Conservative,True,False,Trump campaign lawyer under protection following ‘threats of harm’,
t3_jxh1k3,Conservative,False,True,Satire: NRA Presents Biden With Prestigious 'Gun Salesman Of The Month' Award,
t3_jxgnco,Conservative,True,False,Tucker Carlson Unloads On Trump Lawyer Sidney Powell Over Wild Election Claims: The Truth Matters,
t3_jxgcqs,Conservative,False,True,"Georgia recount results: Biden still ahead by 12,000 — but Trump has one last roll of the dice",
t3_jxg84e,Conservative,False,True,NRA Presents Biden With Prestigious 'Gun Salesman Of The Month' Award,
t3_jxfzyg,Conservative,False,True,"Embarrassing Lapdog Biden Journalists Debase Their Profession in Latest Presser: ""What did you say to Americans, especially immigrant Americans who came to the United States, looking for political stability and are seeing all the things that the President is doing?""",
t3_jxfz49,Conservative,True,False,Berkeley Prof Compares Trump Supporters to Germans Under Nazi Rule and likens coronavirus pandemic to the Holocaust,
t3_jxfwdu,Conservative,True,False,Trump Summons Michigan GOP Leaders for Extraordinary Meeting,
t3_jxfvtx,Conservative,True,False,Obamas Producing Netflix Government Comedy Series Inspired by Anti-Trump Book 'The Fifth Risk',
t3_jxfu43,Conservative,True,False,"Senior Trump official to Reuters: Yes, we're going to try to get state legislatures to execute a coup for us",
t3_jxf7g0,Conservative,False,True,The Human Rights Campaign's 'Sinister' Demand of Biden,
t3_jxf1do,Conservative,False,True,BREAKING: Georgia manual recount confirms Biden victory,
t3_jxez6k,Conservative,False,True,Joe Biden Holds Lead in Georgia After Hand Recount,
t3_jxem59,Conservative,True,False,"When Proven Liars Say Trump's Chances Are Slim, It's Time to Listen to Honest Folk Who Know the Score Instead",
t3_jxeepb,Conservative,True,False,Trump Campaign Lawyers: There Is a Pattern of Planned Voter Fraud in Multiple States,
t3_jxeeir,Conservative,False,True,Tevi Troy: When Senator Biden lectured Israeli Prime Minister Begin over settlements,
t3_jxe10r,Conservative,False,True,The Hill’s Joe Concha Takes Blowtorch to Pro-Biden ‘Marshmallow Media’,
t3_jxdwum,Conservative,True,False,"Sidney Powell: Absent software fraud, Trump 'had at least 80 million votes'",
t3_jxdun5,Conservative,True,False,"After Insulting Trump Voters For Years, NYT Writer Complains Reaching Out To Them Is A 'Waste Of Time'",
t3_jxdm04,Conservative,True,False,"Lin Wood loses motion to stop certification, Trump vows to file another ‘major lawsuit’ against Georgia election",
t3_jxdkfu,Conservative,False,True,NRA Presents Biden With Prestigious 'Gun Salesman Of The Month' Award,
t3_jxdfle,Conservative,False,True,Jennifer Dillon crunched the data to s̵t̵e̵e̵r̵ ̵ steal Biden’s success,
t3_jxd9d2,Conservative,False,True,Biden declares there will be 'no national shutdown',
t3_jxd71m,Conservative,False,True,Butterball Releases Turkey With Biden-Harris Logo So You Can Just Say Your Thanksgiving Gathering Is A Political Rally,
t3_jxd6kl,Conservative,False,True,Biden Wants Billions in Taxes from Firearms Owners,
t3_jxd4aq,Conservative,False,True,'Climate action is tied to reproductive justice': AOC says the Biden administration has committed to a $2 trillion climate plan,
t3_jxcct9,Conservative,True,False,Atlanta Mayor Suggests Trump Would ‘Eat His Own Children’ To Advance Agenda | The Daily Wire,
t3_jxc440,Conservative,True,False,"Trump Campaign Withdrawing Lawsuit in Michigan After Wayne County ‘Relief,’ Says Giuliani",
t3_jxby2q,Conservative,False,True,Biden vows there will be no national shutdown,
